{
    "rmse": 0.7142684674194462,
    "mae": 0.5557956350170178,
    "r2": 0.28319785941257014
}